,PLAYER_ID,LEAGUE_ID,Team_ID,GP,GS,MIN,FGM,FGA,FG_PCT,FG3M,FG3A,FG3_PCT,FTM,FTA,FT_PCT,OREB,DREB,REB,AST,STL,BLK,TOV,PF,PTS
0,203999,00,0,522,481,15828.0,3904,7224,0.54042,534,1540,0.346753,1833,2207,0.830539,1379,3994,5373,3248,616,372,1439,1454,10175
0,203507,00,0,650,585,21148.0,5119,9585,0.534063,443,1531,0.289353,3451,4808,0.717762,1104,4974,6078,2986,756,852,1863,1955,14132
0,203954,00,0,321,321,9982.0,2711,5567,0.486976,377,1127,0.334516,2481,3061,0.810519,750,2879,3629,1053,279,532,1078,994,8280
0,1627749,00,0,318,247,8186.0,1611,3542,0.454827,211,646,0.326625,510,664,0.768072,321,1585,1906,1530,453,84,587,592,3943
0,1628369,00,0,360,360,12021.0,2684,5889,0.455764,816,2123,0.384361,1333,1576,0.845812,314,2070,2384,1076,402,249,765,760,7517
0,1629027,00,0,273,273,9162.0,2197,5013,0.43826,705,1992,0.353915,1751,2010,0.871144,179,883,1062,2472,260,42,1134,469,6850
0,1626157,00,0,477,477,16305.0,4083,7741,0.527451,768,1935,0.396899,2113,2535,0.83353,1433,3979,5412,1471,385,658,1275,1611,11047
0,1629029,00,0,257,257,8693.0,2301,5042,0.456366,707,2106,0.335707,1425,1940,0.734536,269,1924,2193,2026,270,106,1050,575,6734
0,201942,00,0,951,939,32573.0,7069,15223,0.464363,405,1412,0.286827,5145,6151,0.836449,706,3502,4208,3705,928,280,1972,2145,19688
0,2544,00,0,1365,1364,52098.0,13530,26802,0.504813,2137,6178,0.345904,7827,10661,0.734171,1601,8601,10202,10041,2135,1041,4782,2513,37024
0,1630163,00,0,120,100,3699.0,785,1830,0.428961,289,777,0.371943,327,398,0.821608,166,602,768,823,189,48,358,358,2186
0,203944,00,0,517,437,16110.0,3381,7161,0.47214,444,1339,0.33159,1964,2643,0.743094,1025,3785,4810,1835,365,235,1420,1614,9170
0,1628970,00,0,285,182,8281.0,1422,3021,0.470705,421,1227,0.343113,506,626,0.808306,322,1286,1608,638,211,214,395,570,3771
0,201935,00,0,935,721,32351.0,6885,15558,0.442537,2578,7124,0.361875,7000,8146,0.859317,736,4515,5251,6315,1444,510,3513,2445,23348
0,201566,00,0,1016,999,35259.0,8278,18920,0.437526,1137,3731,0.304744,5489,7004,0.783695,1684,5824,7508,8583,1697,312,4174,2668,23182
0,201939,00,0,826,820,28361.0,6875,14520,0.473484,3117,7290,0.427572,3197,3520,0.908238,553,3285,3838,5388,1367,187,2598,1981,20064
0,202696,00,0,735,674,22693.0,5360,10849,0.494054,549,1573,0.349014,1197,1583,0.756159,1876,5808,7684,2020,647,674,1282,1813,12466
0,1626164,00,0,473,448,15930.0,3879,8501,0.456299,965,2711,0.355957,2366,2720,0.869852,245,1600,1845,2215,397,128,1487,1394,11089
0,1627783,00,0,394,300,11537.0,2347,4794,0.48957,385,1161,0.33161,1057,1368,0.77266,544,1914,2458,1195,362,268,697,1070,6136
0,1627734,00,0,415,275,11806.0,2330,4367,0.533547,181,567,0.319223,1120,1538,0.728218,937,2878,3815,1493,309,184,958,1260,5961
0,202685,00,0,690,661,18018.0,3677,6536,0.562576,154,428,0.359813,1745,2223,0.784975,1941,4589,6530,811,286,701,1130,1963,9253
0,1630169,00,0,129,91,4225.0,679,1456,0.466346,271,663,0.408748,184,219,0.840182,93,363,456,882,199,73,274,191,1813
0,1629630,00,0,186,186,5989.0,1450,3057,0.474321,219,673,0.325408,821,1088,0.754595,185,647,832,1328,181,52,615,281,3940
0,1628378,00,0,340,332,11460.0,2909,6594,0.441158,948,2620,0.361832,1342,1610,0.83354,265,1146,1411,1516,439,99,954,866,8108
0,1626174,00,0,222,122,5246.0,1152,2219,0.519152,275,724,0.379834,577,864,0.667824,334,1287,1621,299,137,190,316,396,3156
0,101108,00,0,1150,1150,39739.0,7375,15590,0.473059,1543,4176,0.369492,4587,5262,0.871721,709,4481,5190,10921,2442,172,2763,2785,20880
0,1628991,00,0,200,191,5412.0,1116,2453,0.454953,335,949,0.353003,592,751,0.788282,261,766,1027,232,174,359,336,756,3159
0,203497,00,0,604,512,18065.0,2755,4223,0.652379,0,9,0.0,1958,3067,0.638408,1996,5014,7010,801,405,1346,992,1555,7468
0,1627832,00,0,344,195,9714.0,1593,3924,0.405963,780,2032,0.383858,717,834,0.859712,143,951,1094,1677,425,127,545,677,4683
0,1628983,00,0,243,234,7724.0,1583,3348,0.472819,298,857,0.347724,957,1186,0.806913,160,928,1088,1040,273,161,535,504,4421
0,1630162,00,0,138,121,4584.0,999,2349,0.425287,368,1072,0.343283,409,526,0.777566,115,532,647,457,181,80,338,280,2775
0,1629636,00,0,174,170,5799.0,1125,2544,0.442216,363,977,0.371545,370,419,0.883054,85,361,446,1085,184,16,548,310,2983
0,201142,00,0,932,929,34220.0,8642,17433,0.495726,1748,4564,0.382997,6266,7091,0.883655,656,5931,6587,3974,1015,1028,2934,1785,25298
0,203897,00,0,473,386,15051.0,3353,7272,0.461083,1021,2641,0.386595,1641,1978,0.829625,219,1638,1857,1841,421,144,1262,1028,9368
0,1626179,00,0,471,229,12257.0,2140,5136,0.416666,940,2491,0.377358,716,873,0.82016,307,1533,1840,1476,432,112,576,672,5936
0,1628398,00,0,342,212,10399.0,2013,4487,0.448629,638,1883,0.338821,672,929,0.723358,378,1738,2116,759,195,184,646,705,5336
0,1630596,00,0,67,67,2274.0,408,806,0.506203,23,91,0.252747,160,241,0.6639,136,417,553,170,54,109,132,145,999
0,1628368,00,0,322,308,10325.0,2269,4916,0.461554,364,1139,0.319578,1246,1719,0.72484,169,969,1138,2005,432,142,900,854,6148
0,201950,00,0,832,753,27596.0,5319,11555,0.46032,1156,3183,0.363179,1685,2170,0.776497,752,2574,3326,5320,1256,427,2260,1856,13479
0,1630567,00,0,67,67,2390.0,416,851,0.488836,51,171,0.298245,141,194,0.726804,176,331,507,233,75,54,127,175,1024
0,1630217,00,0,140,89,3673.0,718,1550,0.463225,333,775,0.429677,169,193,0.875647,75,456,531,318,125,44,164,307,1938
0,1630180,00,0,145,128,4440.0,694,1738,0.399309,369,1022,0.361056,320,386,0.829015,146,597,743,309,120,30,152,231,2077
0,1627759,00,0,397,290,11363.0,2415,5118,0.471864,703,1891,0.37176,954,1341,0.711409,358,1596,1954,785,372,144,736,987,6487
0,202710,00,0,686,581,22718.0,3941,8577,0.459484,552,1720,0.32093,3695,4392,0.841302,1066,2573,3639,2819,1122,323,1111,988,12129
0,1627751,00,0,411,159,8269.0,1320,2103,0.627674,2,3,0.666666,330,637,0.518053,1023,1453,2476,587,212,519,401,946,2972
0,203991,00,0,464,403,12433.0,2510,4027,0.623292,0,3,0.0,742,1408,0.526988,1637,3301,4938,461,317,706,528,1133,5762
0,203114,00,0,645,570,20492.0,3996,8710,0.458783,1202,3058,0.393067,1837,2085,0.881055,398,2733,3131,2426,784,120,1346,1650,11031
0,202699,00,0,745,625,23348.0,4659,9795,0.47565,984,2688,0.366071,1892,2284,0.828371,751,3861,4612,1700,546,391,1063,1497,12194
0,1630532,00,0,76,76,2391.0,444,953,0.465897,93,266,0.349624,186,216,0.861111,83,268,351,227,68,33,118,159,1167
0,1628973,00,0,270,120,6615.0,1236,2503,0.493807,271,726,0.373278,426,534,0.797752,113,697,810,1012,156,12,354,452,3169
0,203468,00,0,583,486,18415.0,4303,9453,0.455199,1350,3410,0.395894,1247,1530,0.815032,368,1650,2018,2015,514,223,1011,1244,11203
0,1628976,00,0,203,192,5593.0,952,1855,0.513207,97,326,0.297546,475,650,0.730769,497,1306,1803,404,130,179,332,629,2476
0,1626156,00,0,420,356,12349.0,2699,6428,0.419881,1034,2897,0.35692,996,1277,0.779953,218,1274,1492,2343,466,119,1185,783,7428
0,1629628,00,0,193,192,6467.0,1211,2889,0.419176,318,883,0.360135,628,900,0.697777,181,897,1078,548,148,53,402,446,3368
0,1628389,00,0,338,234,9507.0,1723,3090,0.557605,7,50,0.14,1069,1442,0.741331,729,2078,2807,1170,335,308,699,826,4522
0,203084,00,0,741,680,23588.0,3773,8323,0.453322,995,2618,0.380061,1952,2425,0.804948,757,3034,3791,1369,521,141,927,1180,10493
0,1630595,00,0,59,59,1936.0,390,946,0.412262,108,339,0.318584,124,148,0.837837,57,281,338,328,70,41,215,184,1012
0,1628386,00,0,341,276,9062.0,1538,2457,0.625966,18,95,0.189473,851,1218,0.698686,939,2025,2964,467,187,465,456,686,3945
0,1628969,00,0,302,235,9469.0,1272,2506,0.507581,420,1117,0.376007,424,511,0.829745,269,920,1189,627,396,182,260,622,3388
0,1630178,00,0,128,74,3320.0,630,1327,0.474755,142,370,0.383783,252,293,0.860068,36,294,330,407,74,43,117,220,1654
0,202704,00,0,698,461,17838.0,3390,7988,0.424386,938,2712,0.34587,1382,1619,0.853613,366,1744,2110,2995,483,85,1312,1364,9100
0,203952,00,0,593,593,20772.0,4251,9498,0.447567,823,2363,0.348286,2101,2902,0.723983,732,1896,2628,1383,592,396,1182,1284,11426
0,1630175,00,0,109,96,3277.0,569,1442,0.39459,189,557,0.339317,320,379,0.844327,69,491,560,554,75,34,271,262,1647
0,1626171,00,0,446,119,9669.0,1984,4229,0.469141,468,1217,0.384552,493,656,0.751524,835,2099,2934,529,258,171,483,855,4929
0,1629057,00,0,174,77,3460.0,557,765,0.728104,0,3,0.0,141,212,0.665094,438,717,1155,249,130,300,146,329,1255
0,1627741,00,0,462,291,13467.0,2674,6221,0.429834,1397,3504,0.398687,615,712,0.863764,340,1631,1971,1153,378,134,804,970,7360
0,1629673,00,0,178,66,4341.0,800,1925,0.415584,357,1054,0.338709,413,470,0.878723,53,383,436,496,119,38,290,365,2370
0,203500,00,0,660,595,17707.0,2549,4344,0.586786,1,14,0.071428,1041,1899,0.548183,2373,2890,5263,963,585,627,942,1637,6140
0,1628401,00,0,257,158,6638.0,1028,2335,0.440256,323,961,0.336108,572,681,0.839941,124,719,843,988,204,202,348,558,2951
0,1627742,00,0,364,325,11948.0,2447,5301,0.461611,492,1362,0.361233,1346,1757,0.766078,277,1590,1867,1387,258,208,874,882,6732
0,203994,00,0,411,330,9815.0,1989,3978,0.5,32,138,0.231884,1005,1495,0.67224,1052,2461,3513,903,372,489,870,1287,5015
0,1629639,00,0,170,33,5130.0,1042,2376,0.438552,382,1004,0.380478,360,422,0.85308,71,712,783,541,111,34,345,230,2826
0,1629640,00,0,155,136,4457.0,815,1705,0.478005,214,555,0.385585,333,443,0.751693,179,713,892,271,106,38,176,298,2177
0,203935,00,0,514,293,15309.0,1790,4686,0.381988,780,2434,0.32046,1007,1292,0.779411,433,1419,1852,2279,813,190,922,1318,5367
0,203932,00,0,523,434,15096.0,2568,5604,0.458244,575,1796,0.320155,1078,1537,0.701366,836,2435,3271,1299,388,331,781,1045,6789
0,203115,00,0,618,279,15947.0,2659,6137,0.433273,813,2303,0.353017,1039,1321,0.786525,452,2185,2637,1684,473,259,892,985,7170
0,201143,00,0,945,935,30447.0,5399,10503,0.514043,601,1678,0.358164,1527,2012,0.758946,1923,5800,7723,3124,757,1121,1435,2110,12926
0,1629018,00,0,197,109,5439.0,927,2248,0.412366,467,1213,0.384995,279,344,0.811046,77,360,437,276,219,45,133,317,2600
0,201144,00,0,952,916,30426.0,5003,11405,0.438667,1470,3858,0.381026,2642,3221,0.820242,451,2402,2853,5371,1356,196,1886,1875,14118
0,202692,00,0,619,129,14167.0,2206,5281,0.417723,647,1712,0.37792,1508,1886,0.799575,366,1803,2169,1238,433,130,752,1157,6567
0,1629028,00,0,232,225,7125.0,1661,2765,0.600723,13,54,0.24074,442,586,0.754266,736,1698,2434,373,167,243,391,651,3777
0,1630256,00,0,142,129,3942.0,658,1302,0.505376,118,383,0.308093,225,321,0.700934,255,512,767,387,153,76,230,486,1659
0,200768,00,0,1019,783,32487.0,4825,11376,0.424138,1959,5325,0.367887,3433,4220,0.813507,802,3660,4462,6438,1347,298,2412,2795,15042
0,1629011,00,0,227,114,5382.0,821,1137,0.722075,0,0,0.0,274,507,0.540433,758,940,1698,126,192,449,156,688,1916
0,203903,00,0,593,142,15989.0,3456,7863,0.439526,1056,3116,0.338896,1140,1376,0.828488,495,1450,1945,1499,509,88,987,1006,9108
0,203076,00,0,601,596,20698.0,5346,10374,0.515326,291,960,0.303125,3335,4200,0.794047,1516,4612,6128,1399,820,1409,1173,1415,14318
0,1628964,00,0,220,69,4048.0,657,1388,0.473342,187,539,0.346938,164,239,0.686192,377,944,1321,188,87,315,196,476,1665
0,1627826,00,0,353,220,6675.0,1165,1958,0.594994,1,10,0.1,584,772,0.756476,780,1504,2284,398,111,298,377,787,2915
0,1626162,00,0,473,162,11937.0,2043,4717,0.433114,689,2086,0.330297,916,1222,0.74959,441,1611,2052,478,446,230,496,1200,5691
0,201567,00,0,805,659,24934.0,4674,10610,0.440527,1444,3883,0.371877,3411,4114,0.82912,2066,6551,8617,1905,526,340,1538,1611,14203
0,1630581,00,0,54,54,1700.0,281,670,0.419402,56,213,0.26291,56,79,0.70886,98,323,421,345,51,20,171,88,674
0,1628381,00,0,293,242,8487.0,1900,3396,0.559481,277,736,0.376358,760,975,0.779487,722,1719,2441,455,167,304,444,909,4837
0,203915,00,0,381,184,10077.0,1609,3921,0.410354,543,1694,0.320543,1214,1532,0.792428,176,978,1154,1912,257,103,658,893,4975
0,204001,00,0,331,330,10212.0,2232,5044,0.442505,586,1669,0.351108,1180,1440,0.819444,575,2014,2589,519,231,626,547,1014,6230
0,1628404,00,0,296,118,8071.0,1028,2284,0.450087,427,1231,0.346872,435,589,0.738539,253,1448,1701,614,273,104,343,675,2918
0,1628420,00,0,275,100,6915.0,1150,2388,0.481574,327,828,0.394927,266,322,0.826086,92,545,637,1014,215,47,211,307,2893
0,1626149,00,0,453,29,9763.0,2358,3810,0.618897,9,77,0.116883,1125,1700,0.661764,858,1557,2415,628,250,376,511,974,5850
0,1629647,00,0,185,117,4768.0,672,1656,0.405797,212,696,0.304597,285,410,0.695121,152,926,1078,237,110,136,257,183,1841
0,1629611,00,0,182,47,3773.0,521,1067,0.488284,116,307,0.37785,215,273,0.787545,164,537,701,346,95,34,134,338,1373
0,203083,00,0,711,623,21110.0,4156,7706,0.53932,15,114,0.131578,1536,3254,0.472034,3224,6214,9438,994,968,1048,1405,2226,9863
0,203095,00,0,639,491,18309.0,3284,7371,0.445529,1274,3345,0.380866,1298,1626,0.798277,267,1487,1754,1661,563,96,1034,1538,9140
0,1630529,00,0,72,63,2161.0,258,536,0.481343,53,153,0.346405,125,148,0.844594,89,188,277,155,118,54,96,224,694
0,1627827,00,0,387,275,10537.0,1151,2604,0.442012,537,1508,0.3561,291,406,0.716748,574,1199,1773,539,308,164,334,838,3130
0,1629020,00,0,160,91,2995.0,357,602,0.593023,3,20,0.15,145,236,0.614406,331,658,989,169,165,90,133,305,862
0,1628984,00,0,234,161,6604.0,977,2631,0.371341,617,1723,0.358096,471,570,0.826315,111,485,596,1188,200,34,395,332,3042
0,1629001,00,0,229,53,4701.0,689,1681,0.409875,280,779,0.359435,229,302,0.758278,157,658,815,642,306,108,326,423,1887
0,202711,00,0,598,481,17367.0,3105,6793,0.457088,1222,3110,0.392926,1522,1764,0.862811,321,1841,2162,935,327,42,961,963,8954
0,1626172,00,0,361,144,5930.0,725,1279,0.566849,10,58,0.172413,243,401,0.605985,671,1054,1725,488,176,206,214,760,1703
0,203486,00,0,655,380,14648.0,2161,3705,0.583265,2,41,0.04878,1119,2007,0.557548,1352,2996,4348,1596,499,588,975,1830,5443
0,203484,00,0,677,535,19790.0,2777,6629,0.418916,1145,3190,0.358934,1093,1345,0.812639,421,1709,2130,1142,742,153,687,1240,7792
0,1629645,00,0,131,81,3672.0,614,1468,0.418256,230,665,0.345864,245,363,0.674931,78,408,486,604,125,42,356,336,1703
0,203471,00,0,621,267,16448.0,3287,7547,0.435537,721,2136,0.337546,1511,1814,0.832965,266,1563,1829,2907,515,82,1479,1263,8806
0,1628370,00,0,301,31,6041.0,1101,2614,0.421193,485,1377,0.352214,339,409,0.82885,96,587,683,593,156,73,365,409,3026
0,203078,00,0,645,611,22418.0,5180,11357,0.456106,1434,3851,0.37237,2437,2968,0.821091,560,2081,2641,2701,727,251,1563,1435,14231
0,1628449,00,0,224,23,3969.0,708,1455,0.486597,198,594,0.333333,391,499,0.783567,403,787,1190,111,110,264,119,474,2005
0,1630170,00,0,127,33,2806.0,414,992,0.417338,170,487,0.349075,113,136,0.830882,65,390,455,176,110,58,75,222,1111
0,203552,00,0,373,195,9366.0,1537,3224,0.476736,719,1634,0.440024,398,466,0.854077,117,715,832,822,271,53,421,612,4191
0,1630578,00,0,68,9,1353.0,228,483,0.472049,28,106,0.26415,154,221,0.696832,124,235,359,165,58,65,137,200,638
0,203496,00,0,530,458,15902.0,2059,5086,0.404836,1168,3259,0.358392,842,1036,0.812741,485,2602,3087,797,854,522,814,1577,6128
0,2546,00,0,1256,1120,43423.0,10101,22597,0.447006,1728,4855,0.355921,6316,7759,0.814022,1979,5813,7792,3417,1220,643,3050,3535,28246
0,1627747,00,0,311,173,8529.0,1706,3915,0.435759,430,1293,0.332559,696,948,0.734177,231,957,1188,1225,336,105,596,629,4538
0,1626220,00,0,364,224,9344.0,812,1796,0.452115,424,1099,0.385805,216,271,0.797047,219,1523,1742,758,291,136,338,830,2264
0,1630224,00,0,61,61,1908.0,345,828,0.416666,133,398,0.33417,159,198,0.80303,30,171,201,160,41,17,125,91,982
0,203992,00,0,309,151,8850.0,1610,3663,0.43953,717,1875,0.3824,449,545,0.823853,143,911,1054,1052,316,72,463,666,4386
0,1630191,00,0,132,78,3116.0,456,853,0.534583,27,94,0.287234,131,187,0.700534,363,643,1006,127,61,158,147,375,1070
0,1629014,00,0,211,35,4375.0,763,1797,0.424596,384,979,0.392236,234,281,0.83274,68,388,456,420,75,24,230,350,2144
0,203924,00,0,555,270,14455.0,2181,4823,0.452208,578,1656,0.349033,1389,1921,0.72306,489,1700,2189,747,348,615,617,1263,6329
0,1628989,00,0,267,209,7915.0,1151,2685,0.428677,543,1442,0.37656,180,230,0.782608,164,769,933,853,244,95,359,626,3025
0,203109,00,0,731,402,18450.0,2414,5777,0.417863,1139,3288,0.346411,1058,1361,0.777369,503,2618,3121,1172,728,252,640,1510,7025
0,1630166,00,0,128,38,3012.0,341,805,0.423602,122,385,0.316883,128,174,0.735632,67,575,642,198,87,54,102,307,932
0,1628384,00,0,298,224,7968.0,1174,2502,0.469224,442,1191,0.371116,310,439,0.70615,306,920,1226,421,328,138,328,677,3100
0,201988,00,0,813,103,16846.0,2673,6269,0.426383,1434,3683,0.389356,697,815,0.855214,247,1135,1382,1883,530,73,791,1067,7477
0,1630558,00,0,69,13,1841.0,313,751,0.416777,97,300,0.323333,39,63,0.619047,32,121,153,247,52,20,93,127,762
0,1628374,00,0,275,249,8193.0,1493,3396,0.439634,610,1683,0.362448,631,745,0.846979,303,1560,1863,349,188,138,350,502,4227
0,202330,00,0,733,571,22814.0,3960,8735,0.453348,1021,2750,0.371272,2508,3038,0.825543,558,2741,3299,2572,725,296,1431,1283,11449
0,201580,00,0,815,333,13867.0,2775,4813,0.576563,12,65,0.184615,926,1530,0.605228,1537,2757,4294,355,324,1206,814,1811,6488
0,1627736,00,0,331,83,6899.0,1259,2923,0.430721,659,1707,0.386057,251,309,0.812297,125,690,815,410,184,43,247,385,3428
0,1629023,00,0,181,140,5301.0,793,1762,0.450056,303,807,0.375464,249,355,0.701408,228,818,1046,416,171,176,294,466,2138
0,1630193,00,0,136,5,2855.0,471,1204,0.391196,239,651,0.367127,316,353,0.895184,52,293,345,354,76,15,148,267,1497
0,201976,00,0,522,434,14317.0,1618,3907,0.414128,829,2192,0.378193,557,736,0.756793,589,1641,2230,1820,595,268,665,1619,4622
0,1629655,00,0,161,69,2684.0,497,718,0.6922,0,0,0.0,191,291,0.656357,285,418,703,111,64,222,132,348,1185
0,1629643,00,0,109,33,2710.0,329,840,0.391666,150,464,0.323275,82,101,0.811881,85,406,491,210,136,60,91,134,890
0,1628971,00,0,263,175,6108.0,781,1629,0.479435,100,324,0.308641,297,401,0.740648,313,806,1119,547,233,131,245,644,1959
0,1629634,00,0,176,21,3864.0,814,1382,0.589001,47,162,0.290123,245,350,0.7,316,682,998,255,126,166,120,300,1920
0,203937,00,0,499,246,10447.0,1296,2725,0.475596,208,624,0.333333,514,723,0.710926,369,1820,2189,1145,502,294,472,740,3314
0,1630173,00,0,127,31,2301.0,362,772,0.468911,45,127,0.35433,124,225,0.551111,213,446,659,104,53,66,117,231,893
0,1626145,00,0,451,69,8267.0,1068,2456,0.434853,289,832,0.347355,328,401,0.817955,102,688,790,1668,440,33,323,377,2753
0,1629652,00,0,139,131,4029.0,626,1583,0.395451,273,821,0.332521,325,408,0.796568,100,382,482,203,122,41,189,380,1850
0,1629661,00,0,177,33,4272.0,640,1437,0.445372,382,962,0.397089,185,218,0.848623,118,514,632,244,123,50,108,275,1847
0,1626168,00,0,443,120,8075.0,1261,2863,0.440447,388,1150,0.337391,516,703,0.733997,370,1555,1925,470,172,155,372,643,3426
0,202355,00,0,506,332,12570.0,2668,4555,0.585729,8,26,0.307692,1057,1747,0.605037,1589,3897,5486,322,271,1130,754,1332,6401
0,1626167,00,0,431,398,12379.0,2068,4230,0.488888,391,1121,0.348795,958,1247,0.768243,615,2264,2879,513,311,984,574,1251,5485
0,203939,00,0,504,171,9535.0,1416,2435,0.581519,121,408,0.296568,877,1170,0.749572,784,1516,2300,516,321,237,342,1115,3830
0,1630245,00,0,70,34,1909.0,244,471,0.518046,64,168,0.380952,46,68,0.67647,25,169,194,231,52,28,92,169,598
0,1630183,00,0,130,58,3260.0,412,907,0.454244,149,444,0.335585,83,115,0.721739,128,391,519,148,86,112,120,392,1056
0,200782,00,0,774,578,22454.0,2009,4725,0.425185,808,2220,0.363963,697,933,0.747052,1173,3198,4371,1142,884,239,761,1907,5523
0,1628998,00,0,165,24,3466.0,356,788,0.451776,92,283,0.325088,139,212,0.65566,165,416,581,341,156,51,143,240,943
0,1629130,00,0,233,208,6512.0,929,2136,0.434925,747,1840,0.405978,182,211,0.862559,42,653,695,355,121,52,213,574,2787
0,1629022,00,0,203,56,4133.0,716,1728,0.414351,249,721,0.345353,215,277,0.776173,55,421,476,317,107,50,180,280,1896
0,1628392,00,0,158,4,2098.0,360,598,0.602006,10,33,0.30303,153,230,0.665217,214,386,600,219,82,134,147,350,883
0,203200,00,0,570,279,14031.0,1731,4347,0.398205,967,2660,0.363533,536,654,0.819571,220,1470,1690,851,553,255,506,945,4965
0,1628977,00,0,207,44,3917.0,692,1457,0.474948,71,256,0.277343,293,462,0.634199,210,603,813,227,170,60,208,455,1748
0,1627763,00,0,333,258,10052.0,1925,4153,0.46352,522,1388,0.37608,787,893,0.881298,272,1126,1398,1596,285,77,593,649,5159
0,203490,00,0,500,316,12967.0,2050,4288,0.478078,666,1673,0.398087,547,688,0.795058,583,1940,2523,765,567,215,390,890,5313
0,1630231,00,0,118,10,2592.0,423,802,0.527431,90,245,0.367346,131,198,0.661616,148,374,522,144,62,76,94,188,1067
0,1630537,00,0,55,39,1541.0,268,621,0.431561,94,255,0.368627,90,112,0.803571,41,185,226,114,56,10,90,95,720
0,1628379,00,0,291,72,6810.0,1036,2315,0.447516,531,1253,0.423782,268,309,0.867313,73,756,829,591,142,44,273,430,2871
0,1629675,00,0,171,31,2961.0,620,1260,0.492063,145,418,0.346889,260,361,0.720221,212,513,725,173,89,164,164,417,1645
0,201568,00,0,723,560,21632.0,3424,8018,0.427039,1413,3703,0.381582,2988,3407,0.877017,498,2987,3485,1407,535,261,880,1298,11249
0,202694,00,0,713,432,19308.0,3236,7435,0.435238,1132,2995,0.377963,1254,1624,0.772167,649,2631,3280,1077,485,201,850,1538,8858
0,202339,00,0,756,568,21020.0,3689,8169,0.451585,854,2545,0.335559,2116,2698,0.784284,570,2367,2937,3545,1028,344,1888,1493,10348
0,1629638,00,0,155,35,3042.0,539,1396,0.386103,224,683,0.327964,153,211,0.725118,59,353,412,343,108,53,215,246,1455
0,1626181,00,0,419,188,9378.0,1668,3609,0.462177,592,1550,0.381935,804,968,0.830578,160,923,1083,623,341,111,496,761,4732
0,1628960,00,0,188,101,4098.0,600,1391,0.431344,349,889,0.392575,221,263,0.840304,59,417,476,281,106,32,154,262,1770
0,203110,00,0,679,529,19339.0,2160,4909,0.440008,568,1808,0.314159,1019,1434,0.710599,746,3959,4705,3693,948,702,1496,1898,5907
0,201145,00,0,1047,643,30375.0,4803,10721,0.447999,1088,3208,0.339152,2565,3185,0.805337,907,3585,4492,1618,716,538,1477,2261,13259
0,1626166,00,0,274,40,4900.0,808,1917,0.421491,277,761,0.363994,200,241,0.829875,84,521,605,879,183,62,319,467,2093
0,1629632,00,0,189,71,5338.0,943,2277,0.414141,419,1147,0.3653,303,356,0.851123,72,609,681,664,113,32,327,418,2608
0,1626192,00,0,410,34,7572.0,893,1998,0.446946,454,1237,0.367016,181,228,0.793859,281,1091,1372,511,191,117,220,478,2421
0,1629684,00,0,203,33,3894.0,384,853,0.450175,172,463,0.37149,148,192,0.770833,166,440,606,206,96,111,160,494,1088
0,201569,00,0,749,570,24259.0,4169,9739,0.428072,1746,4712,0.370543,2179,2689,0.810338,298,1513,1811,2121,641,258,1471,1421,12263
0,203081,00,0,711,711,25832.0,5725,13097,0.437123,2143,5752,0.372566,3917,4388,0.892661,425,2551,2976,4726,682,221,1995,1368,17510
0,202331,00,0,732,684,24588.0,5080,11663,0.435565,1831,4805,0.381061,2925,3447,0.848563,643,4064,4707,2607,1254,321,1971,1947,14916
0,1628366,00,0,252,239,8187.0,1117,2790,0.400358,595,1633,0.36436,166,287,0.578397,262,1185,1447,1563,391,162,637,547,2995
0,1629052,00,0,102,36,2055.0,266,628,0.423566,103,296,0.347972,155,216,0.717592,136,325,461,83,62,50,63,152,790
0,202709,00,0,726,171,16120.0,1990,4479,0.444295,401,1165,0.344206,767,976,0.78586,368,1511,1879,2183,560,167,762,1191,5148
0,1630165,00,0,85,53,2128.0,211,583,0.361921,57,211,0.270142,66,85,0.77647,40,219,259,389,89,41,188,222,545
0,1630591,00,0,46,43,1273.0,194,537,0.361266,41,190,0.215789,126,163,0.773006,26,142,168,204,56,18,140,139,555
0,1629637,00,0,187,38,3278.0,561,873,0.642611,22,60,0.366666,343,475,0.722105,288,507,795,129,77,144,143,407,1487
0,203914,00,0,468,374,13474.0,2051,4581,0.447718,705,1944,0.362654,719,885,0.812429,284,878,1162,965,547,101,557,837,5526
0,1630538,00,0,63,3,1165.0,201,504,0.398809,119,314,0.37898,93,111,0.837837,12,160,172,156,36,15,78,137,614
0,1629216,00,0,122,33,2241.0,299,760,0.393421,163,483,0.337474,62,75,0.826666,32,148,180,273,87,14,129,234,823
0,200746,00,0,1074,997,36219.0,8311,16869,0.492678,227,709,0.320169,3709,4563,0.812842,2774,5956,8730,2075,758,1186,1641,2594,20558
0,1628467,00,0,323,135,7321.0,814,1821,0.447007,401,1116,0.359318,261,328,0.795731,388,1155,1543,343,139,299,215,670,2290
0,1627777,00,0,299,18,4341.0,647,1486,0.435397,401,997,0.402206,114,131,0.870229,82,526,608,246,85,32,166,435,1809
0,1628470,00,0,293,93,5475.0,634,1390,0.456115,228,693,0.329004,149,215,0.693023,327,742,1069,279,139,156,175,590,1645
0,1627780,00,0,136,38,1928.0,292,541,0.539741,64,197,0.324873,46,82,0.560975,108,266,374,142,140,36,76,222,694
0,201587,00,0,910,801,27897.0,3601,8243,0.436855,1456,4020,0.362189,1449,1732,0.836605,912,3775,4687,3203,867,575,1539,1573,10107
0,1630171,00,0,127,121,3960.0,427,962,0.443866,115,363,0.316804,226,298,0.758389,134,259,393,237,113,43,143,335,1195
0,1626224,00,0,321,181,7879.0,1159,2756,0.420537,500,1438,0.347705,382,532,0.718045,163,874,1037,685,239,47,377,665,3200
0,1626196,00,0,431,305,12855.0,1893,4430,0.427313,679,1866,0.363879,719,858,0.837995,311,1048,1359,1155,453,261,592,1010,5184
0,1628997,00,0,128,14,2429.0,332,729,0.455418,111,307,0.361563,127,175,0.725714,110,289,399,152,105,45,95,193,902
0,1630544,00,0,60,26,1367.0,231,588,0.392857,98,272,0.360294,65,82,0.792682,25,146,171,91,47,12,71,102,625
0,1630197,00,0,103,37,2217.0,310,828,0.374396,106,385,0.275324,64,89,0.719101,101,407,508,197,58,78,178,137,790
0,1629002,00,0,137,26,1873.0,311,678,0.458702,64,213,0.300469,119,156,0.76282,84,391,475,108,67,54,109,162,805
0,1629680,00,0,189,66,4093.0,350,781,0.448143,141,433,0.325635,67,102,0.656862,109,259,368,204,299,182,120,413,908
0,203526,00,0,380,98,6199.0,867,1913,0.453214,244,666,0.366366,305,380,0.802631,86,523,609,828,259,30,368,516,2283
0,1629622,00,0,104,11,1968.0,313,716,0.43715,213,561,0.379679,56,75,0.746666,30,198,228,110,33,15,59,152,895
0,1629659,00,0,124,21,2734.0,426,975,0.436923,83,302,0.274834,179,233,0.76824,61,287,348,327,118,49,187,271,1114
0,1629726,00,0,141,51,2809.0,288,712,0.404494,220,593,0.370994,247,294,0.840136,51,230,281,94,88,27,54,287,1043
0,1626153,00,0,404,70,8427.0,1072,2365,0.453276,272,767,0.354628,511,640,0.798437,317,979,1296,1225,461,147,396,441,2927
0,1628963,00,0,164,75,4111.0,898,1796,0.5,93,321,0.289719,348,523,0.665391,399,812,1211,147,82,109,212,350,2237
0,1626158,00,0,376,160,7922.0,1488,2459,0.605124,43,168,0.255952,586,786,0.745547,692,1475,2167,403,220,396,347,1029,3605
0,1629750,00,0,147,48,2325.0,272,517,0.526112,52,155,0.335483,134,174,0.770114,135,278,413,99,108,44,71,209,730
0,201937,00,0,665,601,20128.0,2407,6186,0.389104,616,1887,0.326444,1969,2335,0.843254,419,2341,2760,5045,1200,88,1737,1687,7399
0,203473,00,0,474,209,8422.0,1200,2280,0.526315,175,514,0.340466,455,616,0.738636,749,2074,2823,331,246,387,467,1207,3030
0,1629599,00,0,124,30,2019.0,256,582,0.439862,113,307,0.368078,123,155,0.793548,38,197,235,145,49,16,65,133,748
0,203501,00,0,586,288,15838.0,2852,6755,0.422205,1253,3505,0.357489,1192,1468,0.811989,196,1454,1650,1095,366,83,622,988,8149
0,1629234,00,0,163,30,2160.0,340,588,0.578231,6,19,0.315789,193,257,0.750972,220,464,684,140,46,105,143,233,879
0,203082,00,0,668,178,16592.0,2736,6555,0.417391,1233,3407,0.361901,807,962,0.838877,234,1668,1902,838,552,221,657,1132,7512
0,1630528,00,0,68,2,1180.0,196,439,0.446469,50,165,0.30303,74,94,0.787234,45,118,163,133,54,11,99,81,516
0,1630228,00,0,64,12,1085.0,215,427,0.503512,43,140,0.307142,120,176,0.681818,50,166,216,56,26,20,69,133,593
0,202357,00,0,443,162,9055.0,1260,2715,0.464088,491,1283,0.382696,349,462,0.755411,476,1541,2017,803,283,182,449,1047,3360
0,203493,00,0,427,232,9541.0,1192,2792,0.426934,683,1778,0.384139,247,294,0.840136,145,926,1071,513,248,62,249,572,3314
0,202681,00,0,604,604,20513.0,5112,10870,0.470285,1340,3415,0.392386,2326,2638,0.881728,472,1837,2309,3463,804,240,1574,1370,13890
0,1629631,00,0,132,126,4073.0,622,1426,0.436185,204,571,0.357267,290,371,0.781671,83,460,543,217,98,48,191,375,1738
0,1630267,00,0,128,23,2598.0,226,606,0.372937,133,405,0.328395,140,169,0.828402,45,206,251,448,140,37,139,255,725
0,1630167,00,0,128,5,1713.0,304,590,0.515254,59,212,0.278301,94,128,0.734375,89,285,374,91,38,41,72,147,761
0,1630557,00,0,69,28,1547.0,201,443,0.453724,96,273,0.351648,46,54,0.851851,51,128,179,72,28,22,44,78,544
0,1629723,00,0,128,6,1935.0,212,409,0.518337,73,182,0.401098,51,76,0.671052,124,351,475,161,79,33,51,128,548
0,1627788,00,0,250,49,4733.0,697,1711,0.407364,372,1040,0.357692,237,310,0.764516,73,497,570,339,153,35,178,290,2003
0,203210,00,0,482,164,10051.0,1430,3039,0.470549,388,1057,0.367076,563,718,0.784122,811,1950,2761,438,270,202,515,1271,3811
0,1629642,00,0,138,30,2301.0,288,633,0.454976,93,293,0.317406,133,183,0.726775,121,351,472,99,43,63,73,205,802
0,1630181,00,0,109,11,2109.0,287,702,0.408831,85,247,0.344129,118,184,0.641304,47,303,350,222,60,23,129,151,777
0,1630560,00,0,62,2,1120.0,211,486,0.434156,45,169,0.266272,79,94,0.840425,16,133,149,76,32,8,51,60,546
0,1629026,00,0,200,60,4410.0,523,1154,0.453206,170,491,0.346232,88,163,0.539877,265,633,898,400,171,67,180,407,1304
0,201949,00,0,744,242,15259.0,2280,4804,0.474604,378,1249,0.302642,820,1207,0.67937,598,2068,2666,1576,568,643,1029,1695,5758
0,1626195,00,0,302,44,4586.0,867,1616,0.536509,34,109,0.311926,442,634,0.69716,629,1128,1757,321,126,120,304,497,2210
0,1627752,00,0,365,218,8836.0,1364,3279,0.41598,621,1674,0.370967,512,627,0.816586,187,1242,1429,638,310,158,574,740,3861
0,1630188,00,0,74,9,986.0,176,352,0.5,39,121,0.322314,76,101,0.752475,98,219,317,26,13,41,46,100,467
0,1627854,00,0,403,166,8265.0,1321,3018,0.437707,700,1699,0.412007,316,387,0.816537,65,637,702,503,155,12,284,569,3658
0,1630168,00,0,91,10,1442.0,234,348,0.672413,0,3,0.0,104,151,0.688741,161,230,391,61,48,88,69,230,572
0,201933,00,0,723,676,23811.0,5356,10857,0.493322,515,1572,0.327608,3116,4476,0.696157,1440,4512,5952,2994,612,350,1710,1981,14343
0,1629021,00,0,190,35,2811.0,489,1010,0.484158,135,422,0.319905,285,350,0.814285,135,503,638,204,82,63,193,423,1398
0,202397,00,0,711,167,14167.0,2297,5350,0.429345,297,913,0.325301,496,733,0.676671,263,1507,1770,2748,508,182,883,941,5387
0,1627936,00,0,221,33,4526.0,478,1122,0.426024,173,465,0.372043,248,337,0.735905,112,449,561,578,248,67,268,410,1377
0,1629669,00,0,114,1,1801.0,341,763,0.44692,107,316,0.338607,123,151,0.814569,43,180,223,202,49,20,61,150,912
0,2730,00,0,1235,1071,39307.0,7024,11974,0.586604,20,97,0.206185,5341,9426,0.566624,4140,10435,14575,1671,1077,2225,3298,3903,19409
0,202326,00,0,648,560,19442.0,4544,9892,0.459361,422,1277,0.330462,3242,4398,0.737153,1684,4957,6641,1968,873,739,2136,2402,12752
0,1629013,00,0,255,80,5935.0,747,1821,0.410214,518,1317,0.393318,273,327,0.834862,53,405,458,412,114,37,171,471,2285
0,1627814,00,0,212,52,4461.0,617,1423,0.433591,266,742,0.35849,252,291,0.865979,97,646,743,306,158,20,158,349,1752
0,202691,00,0,643,606,21142.0,4711,10295,0.4576,1890,4535,0.416758,1212,1427,0.849334,287,1955,2242,1492,577,349,1088,1356,12524
0,1630570,00,0,48,10,869.0,142,267,0.531835,9,38,0.236842,71,94,0.755319,57,142,199,81,25,28,44,116,364
0,1629651,00,0,87,20,1600.0,268,419,0.639618,2,12,0.166666,89,165,0.539393,140,288,428,80,44,95,57,168,627
0,1630200,00,0,99,7,1216.0,169,352,0.480113,8,44,0.181818,71,88,0.806818,36,115,151,224,42,6,54,78,417
0,200752,00,0,1060,779,33672.0,6548,14462,0.452772,1148,3288,0.349148,3072,3846,0.798751,1413,4691,6104,2218,1211,776,2204,2452,17316
0,1629670,00,0,88,13,1364.0,231,554,0.416967,101,274,0.368613,40,51,0.784313,43,221,264,62,42,23,75,95,603
0,203926,00,0,527,94,11012.0,1836,3855,0.476264,723,1766,0.409399,451,550,0.82,224,1012,1236,496,113,53,344,774,4846
0,1629629,00,0,133,62,3313.0,474,1225,0.386938,182,560,0.325,269,320,0.840625,82,343,425,170,142,52,187,260,1399
0,202689,00,0,741,696,24666.0,4975,11897,0.418172,1663,4614,0.360424,2801,3333,0.840384,415,2400,2815,3919,921,280,1570,1100,14414
0,1628988,00,0,240,55,4392.0,652,1569,0.415551,233,621,0.375201,233,278,0.838129,62,361,423,576,162,51,255,366,1770
0,1628415,00,0,268,241,7557.0,1448,3443,0.420563,424,1218,0.348111,549,687,0.799126,204,611,815,528,259,81,430,891,3869
0,1629308,00,0,136,28,2328.0,260,499,0.521042,71,199,0.356783,65,106,0.613207,66,391,457,298,100,47,141,248,656
0,201586,00,0,900,696,24900.0,4541,8849,0.513165,607,1688,0.359597,1256,1656,0.758454,1874,4580,6454,741,371,1752,1174,2448,10945
0,1630559,00,0,55,15,1250.0,126,271,0.464944,46,145,0.317241,68,80,0.85,35,124,159,87,25,19,33,80,366
0,1627745,00,0,193,68,2846.0,397,601,0.660565,11,37,0.297297,201,288,0.697916,220,419,639,148,72,135,129,429,1006
0,1626204,00,0,389,133,9382.0,1301,2463,0.528217,163,492,0.3313,392,572,0.685314,770,1779,2549,740,479,196,388,870,3157
0,1630526,00,0,44,36,1014.0,117,292,0.400684,50,150,0.333333,30,42,0.714285,71,183,254,44,27,15,35,74,314
0,1629003,00,0,170,34,3545.0,613,1382,0.44356,176,495,0.355555,253,308,0.821428,83,313,396,432,91,48,198,335,1655
0,1626159,00,0,315,117,8131.0,1040,2520,0.412698,215,683,0.314787,338,533,0.634146,315,1300,1615,792,277,126,457,705,2633
0,1627761,00,0,296,55,5671.0,720,1519,0.473996,106,375,0.282666,204,334,0.610778,185,765,950,533,291,120,367,533,1750
0,203463,00,0,548,268,12323.0,1725,4178,0.412876,840,2321,0.361912,597,766,0.779373,222,1033,1255,551,342,105,597,1161,4887
0,204060,00,0,590,313,15157.0,1805,4016,0.449452,1071,2622,0.408466,413,538,0.767657,189,1725,1914,2213,544,90,927,1099,5094
0,201980,00,0,811,706,20567.0,2506,5956,0.420752,1544,3873,0.398657,533,662,0.805135,491,2294,2785,1258,836,626,808,1423,7089
0,1630202,00,0,131,6,2165.0,324,750,0.432,189,462,0.40909,59,64,0.921875,60,216,276,247,57,14,91,159,896
0,201152,00,0,1078,711,31641.0,5953,11859,0.501981,510,1537,0.331815,1387,2092,0.663001,2167,4144,6311,1987,1524,447,1580,2335,13803
0,1630631,00,0,47,1,721.0,112,257,0.435797,31,99,0.313131,32,44,0.727272,22,64,86,128,59,7,33,69,287
0,203087,00,0,567,136,11781.0,2110,4802,0.4394,597,1738,0.343498,941,1099,0.856232,299,1756,2055,893,413,217,460,917,5758
0,1630209,00,0,52,11,641.0,122,227,0.537444,1,8,0.125,36,57,0.631578,77,197,274,47,15,19,39,77,281
0,203085,00,0,649,172,15703.0,2113,5055,0.418001,742,2123,0.349505,746,1150,0.648695,217,1131,1348,1434,463,108,705,1387,5714
0,201588,00,0,862,483,23556.0,3292,7206,0.456841,1031,2706,0.381005,1676,2078,0.806544,515,2118,2633,2686,775,227,1053,1695,9291
0,203482,00,0,606,166,13330.0,2210,4652,0.475064,731,2003,0.364952,951,1217,0.781429,719,2353,3072,1231,461,281,884,1687,6102
0,202066,00,0,688,287,14746.0,1567,3894,0.402413,688,2001,0.343828,560,757,0.739762,286,1331,1617,1187,571,234,638,1297,4382
0,1630533,00,0,56,28,1197.0,164,361,0.454293,64,208,0.307692,29,39,0.743589,22,93,115,57,30,11,37,103,421
0,202684,00,0,723,477,19447.0,2636,5086,0.518285,10,38,0.263157,1269,2095,0.605727,2387,3699,6086,721,363,498,823,1645,6551
0,202340,00,0,656,541,18056.0,2904,6699,0.433497,854,2343,0.364489,592,756,0.783068,397,1460,1857,1103,651,128,867,1418,7254
0,1629676,00,0,101,54,2147.0,323,659,0.490136,59,174,0.33908,145,195,0.743589,149,359,508,156,80,61,145,251,850
0,1629048,00,0,146,18,1688.0,272,573,0.474694,48,193,0.248704,124,178,0.696629,157,261,418,108,39,134,85,257,716
0,1630598,00,0,46,31,1085.0,132,290,0.455172,38,122,0.311475,49,66,0.742424,46,114,160,54,30,10,43,89,351
0,1628464,00,0,300,142,5830.0,883,1628,0.542383,153,469,0.326226,319,442,0.721719,456,1022,1478,377,148,261,251,803,2238
0,1628402,00,0,206,29,3715.0,630,1490,0.422818,239,710,0.336619,237,305,0.777049,77,298,375,210,81,16,167,300,1736
0,202362,00,0,548,200,12591.0,1868,4206,0.444127,370,1184,0.3125,585,844,0.693127,344,1894,2238,1595,354,75,900,1072,4691
0,203920,00,0,255,70,4559.0,509,981,0.518858,13,66,0.196969,309,442,0.699095,524,666,1190,263,128,146,140,424,1340
0,1628978,00,0,195,91,4586.0,631,1516,0.416226,296,858,0.344988,177,233,0.759656,200,701,901,483,208,46,256,319,1735
0,1629162,00,0,137,7,2312.0,262,600,0.436666,80,239,0.334728,76,106,0.716981,45,196,241,479,137,17,114,120,680
0,1630182,00,0,99,8,1369.0,155,320,0.484375,26,89,0.292134,43,66,0.651515,77,142,219,101,56,17,55,138,379
0,1629604,00,0,80,20,1128.0,124,311,0.398713,35,130,0.26923,59,82,0.719512,64,153,217,74,36,18,53,127,342
0,1629660,00,0,112,5,1916.0,290,728,0.398351,139,404,0.344059,76,97,0.783505,36,179,215,273,65,14,102,163,795
0,1628966,00,0,157,16,2335.0,302,665,0.454135,69,221,0.312217,126,178,0.707865,102,361,463,95,74,57,74,138,799
0,203488,00,0,432,30,6695.0,957,2090,0.457894,410,1087,0.377184,342,404,0.846534,352,1019,1371,378,150,211,257,630,2666
0,1628972,00,0,216,38,4019.0,530,1236,0.428802,147,439,0.334851,175,232,0.75431,168,649,817,343,147,23,153,298,1382
0,101150,00,0,1120,122,27065.0,5044,12031,0.41925,1456,4142,0.351521,4037,4797,0.841567,430,2051,2481,3784,952,192,1893,1439,15581
0,201959,00,0,891,447,21882.0,3341,6446,0.518305,42,162,0.259259,1335,1875,0.712,2028,3427,5455,875,500,924,986,2249,8059
0,1628372,00,0,216,135,5154.0,891,2219,0.401532,214,686,0.311953,321,492,0.652439,135,501,636,917,234,72,483,435,2317
0,1630205,00,0,96,13,1353.0,193,403,0.478908,22,81,0.271604,77,111,0.693693,65,165,230,63,45,27,59,144,485
0,1629667,00,0,112,20,2007.0,270,578,0.467128,77,225,0.342222,104,145,0.717241,94,294,388,114,57,40,90,215,721
0,201565,00,0,672,511,21315.0,4784,10474,0.45675,556,1762,0.31555,2106,2536,0.830441,538,1701,2239,3646,521,235,1693,848,12230
0,1630613,00,0,42,7,843.0,148,372,0.397849,68,186,0.365591,38,51,0.745098,3,68,71,78,21,2,52,61,402
0,1626169,00,0,411,99,8185.0,941,2455,0.383299,317,1050,0.301904,362,478,0.757322,223,1053,1276,599,360,99,434,809,2561
0,1629731,00,0,126,47,2264.0,242,541,0.447319,131,359,0.364902,50,70,0.714285,72,312,384,128,66,32,49,174,665
0,1630214,00,0,107,12,1693.0,253,485,0.521649,31,105,0.295238,74,114,0.649122,133,270,403,123,89,48,77,173,611
0,1627884,00,0,275,97,5442.0,674,1324,0.509063,130,438,0.296803,321,462,0.694805,353,597,950,192,181,190,150,565,1799
0,1630527,00,0,50,0,722.0,117,310,0.377419,34,109,0.311926,57,68,0.838235,16,88,104,46,25,12,30,42,325
0,1630177,00,0,112,52,2548.0,317,869,0.364787,140,440,0.318181,167,219,0.762557,43,275,318,314,84,20,195,184,941
0,1629060,00,0,139,110,3943.0,699,1470,0.47551,112,315,0.355555,272,344,0.790697,145,580,725,203,102,20,147,268,1782
0,1628367,00,0,285,92,6614.0,1206,2899,0.416005,260,889,0.292463,556,818,0.679706,246,897,1143,530,247,166,530,720,3228
0,201599,00,0,975,775,26133.0,3604,5359,0.672513,1,12,0.083333,1694,3561,0.475709,2995,7120,10115,929,537,1497,1328,2477,8903
0,1628021,00,0,236,50,4571.0,602,1229,0.489829,87,271,0.321033,329,489,0.672801,235,629,864,245,176,105,163,447,1620
0,1629717,00,0,70,14,1322.0,175,473,0.369978,133,398,0.33417,23,31,0.741935,29,134,163,89,39,16,48,103,506
0,203458,00,0,568,235,10762.0,1681,3315,0.507088,110,334,0.329341,897,1313,0.683168,1077,2263,3340,489,224,550,675,1462,4369
0,1629056,00,0,163,19,2820.0,507,1159,0.437446,241,658,0.366261,132,158,0.835443,81,404,485,238,108,39,172,291,1387
0,1630556,00,0,41,21,854.0,93,226,0.411504,42,115,0.365217,12,15,0.8,38,111,149,26,26,19,38,71,240
0,1630230,00,0,80,13,1321.0,175,442,0.395927,50,180,0.277777,107,146,0.732876,49,227,276,136,56,15,75,115,507
0,1628975,00,0,217,7,3051.0,339,880,0.385227,214,560,0.382142,68,84,0.809523,73,301,374,303,121,50,113,257,960
0,1630625,00,0,62,1,687.0,81,200,0.405,13,51,0.254901,25,42,0.595238,37,85,122,97,27,10,53,66,200
0,204456,00,0,478,84,10619.0,1461,2898,0.50414,110,338,0.325443,239,312,0.766025,259,1167,1426,2388,609,93,765,709,3271
0,202324,00,0,790,503,19202.0,3420,6407,0.533791,38,192,0.197916,1476,2225,0.66337,1933,3675,5608,851,577,939,995,1976,8354
0,1629656,00,0,45,6,770.0,94,230,0.408695,72,185,0.389189,13,19,0.68421,23,67,90,42,31,11,28,71,273
0,200765,00,0,953,733,28508.0,3881,8505,0.456319,444,1375,0.322909,1116,1826,0.611171,909,3432,4341,7560,1514,125,2582,1989,9322
0,1630543,00,0,31,12,414.0,91,165,0.551515,4,13,0.307692,47,72,0.652777,51,76,127,9,17,41,31,76,233
0,1630530,00,0,55,0,731.0,88,225,0.391111,58,152,0.381578,34,40,0.85,39,83,122,36,19,7,12,55,268
0,1630192,00,0,82,2,1069.0,145,281,0.516014,61,135,0.451851,50,77,0.64935,69,141,210,25,24,17,29,105,401
0,1630235,00,0,88,5,1048.0,105,223,0.470852,10,53,0.188679,57,67,0.850746,34,106,140,146,39,9,67,64,277
0,203090,00,0,621,372,14019.0,1686,3554,0.474395,378,1182,0.319796,509,816,0.623774,658,1540,2198,572,583,399,521,1265,4259
0,1629672,00,0,154,31,3065.0,575,1164,0.493986,95,290,0.327586,295,389,0.758354,139,366,505,214,53,25,164,244,1540
0,203107,00,0,380,174,8442.0,982,2100,0.467619,235,662,0.354984,439,535,0.82056,308,780,1088,1520,307,59,502,643,2638
0,1630563,00,0,43,9,789.0,83,221,0.375565,34,114,0.298245,33,44,0.75,30,68,98,61,17,20,45,65,233
0,1628373,00,0,266,60,4792.0,524,1413,0.370842,188,567,0.331569,155,200,0.775,90,404,494,631,194,59,300,532,1391
0,1629111,00,0,49,1,532.0,95,188,0.505319,26,81,0.320987,29,34,0.852941,57,63,120,43,10,13,29,49,245
0,1630240,00,0,82,7,1299.0,159,365,0.435616,21,75,0.28,103,142,0.725352,33,140,173,257,64,24,82,113,442
0,1628396,00,0,163,18,1935.0,332,524,0.633587,3,7,0.428571,88,130,0.676923,269,437,706,88,41,97,96,241,755
0,1630678,00,0,27,3,545.0,105,165,0.636363,9,24,0.375,25,37,0.675675,71,71,142,32,8,6,17,47,244
0,1629004,00,0,218,46,3734.0,509,1278,0.398278,288,816,0.352941,139,177,0.78531,70,325,395,298,130,21,200,227,1445
0,2738,00,0,1219,784,39325.0,5017,10839,0.462865,1078,3258,0.330877,2828,3989,0.708949,1115,4904,6019,5115,1756,629,2226,2163,13940
0,202722,00,0,380,39,7279.0,1010,2387,0.423125,740,1867,0.396357,359,418,0.858851,124,899,1023,384,166,144,219,654,3119
0,201571,00,0,968,334,22701.0,2984,7238,0.412268,1254,3285,0.381735,2005,2313,0.866839,290,1505,1795,3749,565,31,1423,1338,9227
0,1629641,00,0,95,11,1397.0,131,327,0.400611,39,129,0.302325,48,75,0.64,57,124,181,45,35,29,37,103,349
0,1630549,00,0,32,8,391.0,86,149,0.577181,2,7,0.285714,24,41,0.585365,81,79,160,17,10,15,30,60,198
0,203585,00,0,281,120,5548.0,601,1437,0.418232,251,721,0.348127,139,213,0.652582,231,567,798,348,143,47,176,411,1592
0,203457,00,0,450,219,10086.0,1362,2482,0.548751,2,13,0.153846,577,881,0.654937,888,1900,2788,491,572,673,580,1160,3303
0,201961,00,0,767,206,16032.0,2222,5417,0.41019,1207,3155,0.382567,505,599,0.843071,238,1396,1634,851,412,65,505,881,6156
0,202687,00,0,733,310,14628.0,1445,2729,0.529497,0,3,0.0,887,1573,0.56389,1445,3005,4450,437,187,948,670,1611,3777
0,201577,00,0,933,603,20484.0,3417,6369,0.536504,53,179,0.296089,1278,1720,0.743023,2114,2474,4588,788,215,1032,1031,1802,8165
0,1627863,00,0,198,96,4809.0,579,1351,0.428571,307,838,0.366348,230,300,0.766666,128,581,709,260,129,80,161,342,1695
0,203901,00,0,497,395,13349.0,2080,4650,0.447311,190,660,0.287878,674,1080,0.624074,523,1481,2004,2862,587,151,1082,998,5024
0,1628432,00,0,73,6,849.0,94,226,0.415929,45,119,0.378151,16,22,0.727272,17,124,141,59,31,8,22,74,249
0,1630535,00,0,41,0,467.0,60,145,0.413793,7,37,0.189189,35,55,0.636363,35,70,105,23,21,19,22,70,162
0,202083,00,0,892,748,27196.0,3715,8834,0.420534,1774,4700,0.377446,1672,2031,0.823239,450,2131,2581,1782,887,178,1043,1873,10876
0,1628425,00,0,263,29,4420.0,528,1257,0.420047,247,678,0.364306,121,152,0.796052,151,728,879,266,136,47,177,372,1424
0,1629164,00,0,128,11,1558.0,224,573,0.390924,78,248,0.314516,85,116,0.732758,34,175,209,249,52,5,99,126,611
0,203476,00,0,595,208,12261.0,1690,3377,0.500444,174,471,0.369426,913,1154,0.791161,1021,2404,3425,783,464,535,655,1279,4467
0,1628418,00,0,166,108,3385.0,692,1170,0.591452,91,260,0.35,249,326,0.763803,258,697,955,219,61,144,144,307,1724
0,1630201,00,0,87,19,1407.0,193,502,0.384462,81,249,0.325301,59,79,0.746835,19,154,173,200,56,11,54,110,526
0,1630541,00,0,48,10,583.0,76,178,0.426966,37,107,0.345794,28,36,0.777777,17,61,78,21,7,10,13,41,217
0,203503,00,0,597,310,13046.0,1326,3079,0.430659,725,1839,0.394235,273,323,0.845201,171,1197,1368,666,264,138,328,841,3650
0,202683,00,0,748,259,16101.0,3426,6254,0.547809,46,159,0.289308,1451,1868,0.776766,2223,3599,5822,638,296,363,1076,1606,8349
0,1628380,00,0,175,14,3045.0,387,869,0.445339,93,286,0.325174,154,209,0.736842,217,503,720,181,54,118,181,391,1021
0,1627789,00,0,322,56,5137.0,635,1628,0.390049,315,941,0.33475,312,376,0.829787,120,520,640,284,130,41,230,591,1897
0,1630174,00,0,94,4,1201.0,142,344,0.41279,65,209,0.311004,41,52,0.788461,43,169,212,43,33,14,49,149,390
0,203469,00,0,494,273,10973.0,1586,3051,0.519829,32,145,0.220689,998,1365,0.731135,994,1955,2949,691,320,321,522,1281,4202
0,200794,00,0,1084,746,30488.0,5455,11157,0.48893,541,1588,0.34068,3085,4190,0.736276,2343,5330,7673,2378,1326,1045,1828,3246,14536
0,203918,00,0,444,253,10930.0,1684,4017,0.419218,644,1766,0.364665,631,751,0.840213,158,999,1157,733,300,80,425,853,4643
0,1629139,00,0,118,8,1420.0,163,394,0.413705,68,188,0.361702,55,84,0.654761,65,229,294,72,43,37,46,114,449
0,203145,00,0,655,310,13520.0,1929,4663,0.413682,694,1943,0.357179,862,1190,0.724369,237,1831,2068,1153,657,308,903,1332,5414
0,1630553,00,0,29,4,449.0,56,169,0.33136,18,55,0.327272,32,40,0.8,18,40,58,38,17,7,28,46,162
0,203504,00,0,495,130,10377.0,1844,4490,0.41069,563,1635,0.344342,534,659,0.810318,164,712,876,1517,273,52,555,639,4785
0,1630208,00,0,65,5,418.0,61,94,0.648936,0,1,0.0,37,54,0.685185,35,58,93,15,9,20,25,56,159
0,1626208,00,0,30,11,552.0,65,184,0.35326,26,87,0.29885,14,16,0.875,8,37,45,60,11,4,33,51,170
0,1629681,00,0,54,4,642.0,62,184,0.336956,37,119,0.310924,14,19,0.736842,27,57,84,30,28,23,15,78,175
0,1630568,00,0,31,5,358.0,58,129,0.449612,14,42,0.333333,36,55,0.654545,51,39,90,16,9,5,17,52,166
0,1629103,00,0,96,5,1267.0,203,490,0.414285,71,231,0.307359,48,54,0.888888,47,182,229,61,30,28,50,122,525
0,1630198,00,0,92,2,949.0,104,295,0.352542,79,230,0.343478,42,50,0.84,12,74,86,53,24,7,27,77,329
0,203648,00,0,123,10,1084.0,145,289,0.50173,8,51,0.156862,53,100,0.53,105,138,243,80,43,21,75,156,351
0,1627737,00,0,286,147,5285.0,822,1801,0.456413,160,552,0.289855,377,567,0.664902,355,999,1354,294,186,227,348,729,2181
0,1629006,00,0,240,123,4969.0,502,1252,0.400958,144,522,0.275862,380,502,0.756972,217,492,709,274,231,97,214,474,1528
0,1630215,00,0,38,1,302.0,55,130,0.423076,26,74,0.351351,7,12,0.583333,5,31,36,50,13,7,31,43,143
0,1630194,00,0,59,2,430.0,77,151,0.509933,2,13,0.153846,8,18,0.444444,64,69,133,25,33,26,20,71,164
0,1629685,00,0,76,0,921.0,91,217,0.419354,47,139,0.338129,35,44,0.795454,39,152,191,62,32,15,46,79,264
0,1629744,00,0,126,1,1226.0,178,411,0.43309,109,270,0.403703,37,46,0.804347,19,136,155,61,22,4,38,74,502
0,1630579,00,0,35,2,401.0,28,37,0.756756,0,0,0.0,6,18,0.333333,44,75,119,15,6,14,15,50,62
0,1630184,00,0,78,0,1246.0,189,483,0.391304,53,178,0.297752,53,63,0.841269,21,89,110,173,49,11,60,105,484
0,1630264,00,0,63,4,552.0,78,135,0.577777,18,42,0.428571,41,53,0.773584,39,74,113,32,14,14,20,73,215
0,1629633,00,0,132,42,2300.0,345,854,0.403981,89,314,0.283439,97,194,0.5,117,243,360,165,93,52,126,221,876
0,1630233,00,0,69,2,530.0,75,176,0.426136,9,43,0.209302,86,112,0.767857,57,92,149,27,16,18,32,60,245
0,1630561,00,0,21,7,340.0,39,108,0.361111,9,37,0.243243,17,21,0.809523,30,37,67,17,14,7,9,36,104
0,1630249,00,0,22,0,406.0,38,85,0.447058,22,56,0.392857,8,9,0.888888,11,51,62,28,10,5,16,39,106
0,1629109,00,0,166,19,2192.0,171,492,0.34756,135,420,0.321428,30,35,0.857142,111,310,421,80,50,62,41,147,507
0,1629678,00,0,67,3,761.0,80,196,0.408163,39,125,0.312,19,27,0.703703,20,98,118,38,12,9,25,102,218
0,1630572,00,0,37,2,331.0,42,88,0.477272,18,42,0.428571,11,14,0.785714,29,36,65,16,7,7,10,24,113
0,1629649,00,0,58,0,668.0,90,225,0.4,27,91,0.296703,28,38,0.736842,27,71,98,48,12,6,25,62,235
0,1630547,00,0,28,0,296.0,48,136,0.352941,17,49,0.346938,27,31,0.870967,21,27,48,23,7,1,13,28,140
0,2772,00,0,1116,768,32907.0,4130,9787,0.421988,1605,4571,0.351126,1716,2347,0.731146,1077,4268,5345,2375,1627,353,1472,2204,11581
0,1629650,00,0,85,33,1159.0,185,343,0.539358,0,0,0.0,110,184,0.597826,179,292,471,12,38,61,60,134,480
0,1628400,00,0,284,24,4111.0,331,862,0.38399,189,549,0.344262,124,173,0.716763,145,468,613,126,76,19,93,300,975
0,1627823,00,0,291,63,4530.0,521,1230,0.423577,239,692,0.345375,251,367,0.683923,233,749,982,185,112,64,151,314,1532
0,202954,00,0,191,3,3085.0,355,843,0.421115,73,243,0.300411,263,290,0.906896,49,280,329,464,123,33,189,306,1046
0,1630540,00,0,36,2,327.0,27,93,0.290322,13,56,0.232142,8,12,0.666666,4,35,39,40,13,1,5,42,75
0,1630583,00,0,29,0,298.0,38,101,0.376237,4,41,0.09756,12,20,0.6,24,43,67,15,2,9,11,29,92
0,1630190,00,0,48,3,396.0,48,141,0.340425,29,98,0.295918,8,10,0.8,6,52,58,22,10,7,19,29,133
0,1629185,00,0,91,4,1038.0,112,317,0.353312,59,172,0.343023,20,25,0.8,22,95,117,217,42,11,81,90,303
0,1629646,00,0,23,0,168.0,30,47,0.638297,0,4,0.0,9,12,0.75,22,40,62,7,5,17,8,32,69
0,1630551,00,0,35,0,274.0,30,65,0.461538,9,26,0.346153,9,9,1.0,37,33,70,11,7,4,7,32,78
0,1630550,00,0,29,0,246.0,24,54,0.444444,7,26,0.26923,10,16,0.625,11,29,40,18,8,10,8,25,65
0,1629644,00,0,63,9,717.0,69,170,0.405882,21,77,0.272727,17,28,0.607142,33,81,114,34,16,19,21,86,176
0,1630688,00,0,41,0,289.0,25,73,0.342465,11,42,0.261904,5,10,0.5,19,24,43,11,11,6,12,41,66
0,1629620,00,0,43,0,440.0,40,126,0.31746,25,80,0.3125,7,13,0.538461,6,27,33,48,12,2,22,39,112
0,1627756,00,0,256,45,4817.0,680,1728,0.393518,361,1004,0.359561,74,94,0.787234,101,756,857,466,159,31,228,412,1795
0,1630219,00,0,58,5,480.0,76,160,0.475,22,65,0.338461,30,34,0.882352,15,45,60,46,21,2,19,23,204
0,1627774,00,0,241,49,3077.0,453,988,0.458502,129,433,0.297921,124,172,0.72093,102,311,413,127,98,71,121,254,1159
0,1630210,00,0,66,1,354.0,71,188,0.377659,44,125,0.352,20,24,0.833333,1,29,30,24,12,1,24,34,206
0,202334,00,0,718,106,13741.0,1773,3128,0.566815,0,4,0.0,745,1277,0.583398,1589,3024,4613,538,349,565,532,1747,4291
0,1628995,00,0,208,61,3982.0,560,1526,0.366972,236,695,0.339568,257,365,0.704109,112,507,619,172,81,59,183,331,1613
0,1628993,00,0,72,1,538.0,73,152,0.480263,5,20,0.25,31,43,0.72093,75,143,218,31,14,10,28,53,182
0,1628981,00,0,117,13,1051.0,145,281,0.516014,6,41,0.146341,54,87,0.620689,97,217,314,63,22,27,72,148,350
0,1630195,00,0,33,2,219.0,13,44,0.295454,4,17,0.235294,9,11,0.818181,15,24,39,17,6,0,13,25,39
0,1629718,00,0,40,3,370.0,29,101,0.287128,9,42,0.214285,23,25,0.92,19,34,53,17,16,8,14,40,90
0,1629833,00,0,40,1,283.0,25,83,0.301204,14,46,0.304347,4,8,0.5,13,20,33,20,6,1,14,24,68
0,1630698,00,0,24,3,166.0,15,46,0.326086,6,26,0.230769,3,4,0.75,2,9,11,30,3,0,7,11,39
0,1630580,00,0,24,0,160.0,19,50,0.38,13,38,0.342105,5,9,0.555555,4,5,9,7,3,3,2,11,56
0,1630573,00,0,22,0,117.0,17,37,0.459459,15,33,0.454545,0,0,0.0,4,16,20,4,1,2,2,7,49
